<?xml version="1.0" encoding="UTF-8"?><rss version="2.0"
	xmlns:content="http://purl.org/rss/1.0/modules/content/"
	xmlns:wfw="http://wellformedweb.org/CommentAPI/"
	xmlns:dc="http://purl.org/dc/elements/1.1/"
	xmlns:atom="http://www.w3.org/2005/Atom"
	xmlns:sy="http://purl.org/rss/1.0/modules/syndication/"
	xmlns:slash="http://purl.org/rss/1.0/modules/slash/"
	>

<channel>
	<title>Dominick Z. Kozak, Author at Tapcv</title>
	<atom:link href="./index.html" rel="self" type="application/rss+xml" />
	<link>./../index.html</link>
	<description>Your data is our inspiration</description>
	<lastBuildDate>Tue, 10 May 2016 03:48:21 +0000</lastBuildDate>
	<language>en-US</language>
	<sy:updatePeriod>
	hourly	</sy:updatePeriod>
	<sy:updateFrequency>
	1	</sy:updateFrequency>
	<generator>https://wordpress.org/?v=6.6.2</generator>

<image>
	<url>./../../../wp-content/uploads/2024/11/cropped-stewartk22_logo_computer_service_1eccc3c3-967b-4f77-b72f-91b9691b7d5b-32x32.webp</url>
	<title>Dominick Z. Kozak, Author at Tapcv</title>
	<link>./../index.html</link>
	<width>32</width>
	<height>32</height>
</image> 
	<item>
		<title>Hello world!</title>
		<link>./../../../hello-world/index.html</link>
					<comments>./../../../hello-world/index.html#comments</comments>
		
		<dc:creator><![CDATA[Dominick Z. Kozak]]></dc:creator>
		<pubDate>Tue, 10 May 2016 03:48:21 +0000</pubDate>
				<category><![CDATA[Uncategorized]]></category>
		<guid isPermaLink="false">./../../../index.html?p=1</guid>

					<description><![CDATA[<p>Welcome to WordPress. This is your first post. Edit or delete it, then start writing!</p>
<p>The post <a href="./../../../hello-world/index.html">Hello world!</a> appeared first on <a href="./../../../index.html">Tapcv</a>.</p>
]]></description>
										<content:encoded><![CDATA[<p>Welcome to WordPress. This is your first post. Edit or delete it, then start writing!</p>
<p>The post <a href="./../../../hello-world/index.html">Hello world!</a> appeared first on <a href="./../../../index.html">Tapcv</a>.</p>
]]></content:encoded>
					
					<wfw:commentRss>./../../../hello-world/feed/index.html</wfw:commentRss>
			<slash:comments>1</slash:comments>
		
		
			</item>
	</channel>
</rss>
